start_time;duracion;end_time;game_id;teams;yards;qtr;date;time
1739497450.3936;0.0024s;1739497450.3961;2015091000;NE@PIT;1;3;2015-09-10;04:27
1739497450.3936;0.0024s;1739497450.3961;2015091309;BAL@DEN;1;1;2015-09-13;00:05
1739497450.3936;0.0024s;1739497450.3961;2015091309;BAL@DEN;1;1;2015-09-13;03:50
1739497450.3936;0.0024s;1739497450.3961;2015091303;MIA@WAS;1;1;2015-09-13;06:02
1739497450.3936;0.0024s;1739497450.3961;2015091302;JAC@CAR;1;1;2015-09-13;06:45
1739497450.3936;0.0024s;1739497450.3961;2015091304;IND@BUF;1;1;2015-09-13;07:22
1739497450.3936;0.0024s;1739497450.3961;2015091308;SD@DET;1;1;2015-09-13;08:42
1739497450.3936;0.0024s;1739497450.3961;2015091310;OAK@CIN;1;1;2015-09-13;13:43
1739497450.3936;0.0024s;1739497450.3961;2015091310;OAK@CIN;1;2;2015-09-13;01:15
1739497450.3936;0.0024s;1739497450.3961;2015091307;NO@ARI;1;2;2015-09-13;01:19
1739497450.3936;0.0024s;1739497450.3961;2015091306;HOU@KC;1;2;2015-09-13;04:10
1739497450.3936;0.0024s;1739497450.3961;2015091305;NYJ@CLE;1;2;2015-09-13;06:05
1739497450.3936;0.0024s;1739497450.3961;2015091305;CLE@NYJ;1;2;2015-09-13;07:30
1739497450.3936;0.0024s;1739497450.3961;2015091306;HOU@KC;1;2;2015-09-13;09:07
1739497450.3936;0.0024s;1739497450.3961;2015091312;NYG@DAL;1;2;2015-09-13;11:03
1739497450.3936;0.0024s;1739497450.3961;2015091308;SD@DET;1;2;2015-09-13;11:08
1739497450.3936;0.0024s;1739497450.3961;2015091302;JAC@CAR;1;3;2015-09-13;01:14
1739497450.3936;0.0024s;1739497450.3961;2015091301;STL@SEA;1;3;2015-09-13;01:22
1739497450.3936;0.0024s;1739497450.3961;2015091302;CAR@JAC;1;3;2015-09-13;02:54
1739497450.3936;0.0024s;1739497450.3961;2015091309;DEN@BAL;1;3;2015-09-13;02:55
1739497450.3936;0.0024s;1739497450.3961;2015091306;KC@HOU;1;3;2015-09-13;03:21
1739497450.3936;0.0024s;1739497450.3961;2015091305;CLE@NYJ;1;3;2015-09-13;06:42
1739497450.3936;0.0024s;1739497450.3961;2015091310;CIN@OAK;1;3;2015-09-13;10:06
1739497450.3936;0.0024s;1739497450.3961;2015091307;ARI@NO;1;3;2015-09-13;10:33
1739497450.3936;0.0024s;1739497450.3961;2015091303;WAS@MIA;1;3;2015-09-13;10:48
1739497450.3936;0.0024s;1739497450.3961;2015091306;HOU@KC;1;3;2015-09-13;11:01
1739497450.3936;0.0024s;1739497450.3961;2015091311;TB@TEN;1;3;2015-09-13;12:35
1739497450.3936;0.0024s;1739497450.3961;2015091309;DEN@BAL;1;3;2015-09-13;12:37
1739497450.3936;0.0024s;1739497450.3961;2015091307;NO@ARI;1;4;2015-09-13;01:58
1739497450.3936;0.0024s;1739497450.3961;2015091306;KC@HOU;1;4;2015-09-13;02:55
1739497450.3936;0.0024s;1739497450.3961;2015091310;CIN@OAK;1;4;2015-09-13;05:29
1739497450.3936;0.0024s;1739497450.3961;2015091300;GB@CHI;1;4;2015-09-13;06:15
1739497450.3936;0.0024s;1739497450.3961;2015091311;TEN@TB;1;4;2015-09-13;07:14
1739497450.3936;0.0024s;1739497450.3961;2015091306;HOU@KC;1;4;2015-09-13;08:30
1739497450.3936;0.0024s;1739497450.3961;2015091310;CIN@OAK;1;4;2015-09-13;12:47
1739497450.3936;0.0024s;1739497450.3961;2015091312;DAL@NYG;1;4;2015-09-13;14:13
1739497450.3936;0.0024s;1739497450.3961;2015091311;TB@TEN;1;4;2015-09-13;15:00
1739497450.3936;0.0024s;1739497450.3961;2015091400;ATL@PHI;1;1;2015-09-14;03:58
1739497450.3936;0.0024s;1739497450.3961;2015091400;PHI@ATL;1;1;2015-09-14;14:10
1739497450.3936;0.0024s;1739497450.3961;2015091401;SF@MIN;1;2;2015-09-14;08:57
1739497450.3936;0.0024s;1739497450.3961;2015091401;SF@MIN;1;2;2015-09-14;14:56
1739497450.3936;0.0024s;1739497450.3961;2015091400;ATL@PHI;1;4;2015-09-14;02:00
1739497450.3936;0.0024s;1739497450.3961;2015091700;DEN@KC;1;1;2015-09-17;12:29
1739497450.3936;0.0024s;1739497450.3961;2015092011;MIA@JAC;1;1;2015-09-20;01:54
1739497450.3936;0.0024s;1739497450.3961;2015092008;NO@TB;1;1;2015-09-20;04:05
1739497450.3936;0.0024s;1739497450.3961;2015092001;BUF@NE;1;1;2015-09-20;06:42
1739497450.3936;0.0024s;1739497450.3961;2015092007;DET@MIN;1;1;2015-09-20;07:35
1739497450.3936;0.0024s;1739497450.3961;2015092005;STL@WAS;1;1;2015-09-20;12:26
1739497450.3936;0.0024s;1739497450.3961;2015092012;DAL@PHI;1;1;2015-09-20;12:41
1739497450.3936;0.0024s;1739497450.3961;2015092003;TEN@CLE;1;1;2015-09-20;13:42
1739497450.3936;0.0024s;1739497450.3961;2015092000;CAR@HOU;1;1;2015-09-20;14:48
1739497450.3936;0.0024s;1739497450.3961;2015092000;CAR@HOU;1;2;2015-09-20;01:25
1739497450.3936;0.0024s;1739497450.3961;2015092011;JAC@MIA;1;2;2015-09-20;01:28
1739497450.3936;0.0024s;1739497450.3961;2015092005;STL@WAS;1;2;2015-09-20;01:54
1739497450.3936;0.0024s;1739497450.3961;2015092002;SD@CIN;1;2;2015-09-20;01:58
1739497450.3936;0.0024s;1739497450.3961;2015092000;HOU@CAR;1;2;2015-09-20;04:44
1739497450.3936;0.0024s;1739497450.3961;2015092009;SF@PIT;1;2;2015-09-20;06:05
1739497450.3936;0.0024s;1739497450.3961;2015092008;NO@TB;1;2;2015-09-20;08:17
1739497450.3936;0.0024s;1739497450.3961;2015092000;HOU@CAR;1;2;2015-09-20;10:18
1739497450.3936;0.0024s;1739497450.3961;2015092005;STL@WAS;1;2;2015-09-20;10:57
1739497450.3936;0.0024s;1739497450.3961;2015092003;TEN@CLE;1;2;2015-09-20;11:50
1739497450.3936;0.0024s;1739497450.3961;2015092008;NO@TB;1;2;2015-09-20;12:29
1739497450.3936;0.0024s;1739497450.3961;2015092000;HOU@CAR;1;2;2015-09-20;13:36
1739497450.3936;0.0024s;1739497450.3961;2015092005;STL@WAS;1;2;2015-09-20;13:57
1739497450.3936;0.0024s;1739497450.3961;2015092009;PIT@SF;1;3;2015-09-20;00:20
1739497450.3936;0.0024s;1739497450.3961;2015092006;ARI@CHI;1;3;2015-09-20;00:53
1739497450.3936;0.0024s;1739497450.3961;2015092007;DET@MIN;1;3;2015-09-20;00:55
1739497450.3936;0.0024s;1739497450.3961;2015092011;JAC@MIA;1;3;2015-09-20;02:09
1739497450.3936;0.0024s;1739497450.3961;2015092003;CLE@TEN;1;3;2015-09-20;05:48
1739497450.3936;0.0024s;1739497450.3961;2015092010;BAL@OAK;1;3;2015-09-20;06:45
1739497450.3936;0.0024s;1739497450.3961;2015092003;TEN@CLE;1;3;2015-09-20;07:15
1739497450.3936;0.0024s;1739497450.3961;2015092013;GB@SEA;1;3;2015-09-20;08:43
1739497450.3936;0.0024s;1739497450.3961;2015092004;ATL@NYG;1;3;2015-09-20;08:56
1739497450.3936;0.0024s;1739497450.3961;2015092009;PIT@SF;1;3;2015-09-20;09:11
1739497450.3936;0.0024s;1739497450.3961;2015092006;CHI@ARI;1;3;2015-09-20;10:42
1739497450.3936;0.0024s;1739497450.3961;2015092003;CLE@TEN;1;3;2015-09-20;11:21
1739497450.3936;0.0024s;1739497450.3961;2015092007;DET@MIN;1;3;2015-09-20;11:36
1739497450.3936;0.0024s;1739497450.3961;2015092004;ATL@NYG;1;4;2015-09-20;04:38
1739497450.3936;0.0024s;1739497450.3961;2015092012;DAL@PHI;1;4;2015-09-20;05:05
1739497450.3936;0.0024s;1739497450.3961;2015092005;STL@WAS;1;4;2015-09-20;09:38
1739497450.3936;0.0024s;1739497450.3961;2015092011;MIA@JAC;1;4;2015-09-20;09:39
1739497450.3936;0.0024s;1739497450.3961;2015092000;CAR@HOU;1;4;2015-09-20;10:04
1739497450.3936;0.0024s;1739497450.3961;2015092002;SD@CIN;1;4;2015-09-20;11:07
1739497450.3936;0.0024s;1739497450.3961;2015092000;CAR@HOU;1;4;2015-09-20;11:58
1739497450.3936;0.0024s;1739497450.3961;2015092011;JAC@MIA;1;4;2015-09-20;12:16
1739497450.3936;0.0024s;1739497450.3961;2015092007;MIN@DET;1;4;2015-09-20;12:34
1739497450.3936;0.0024s;1739497450.3961;2015092003;CLE@TEN;1;4;2015-09-20;15:00
1739497450.3936;0.0024s;1739497450.3961;2015092400;NYG@WAS;1;4;2015-09-24;01:56
1739497450.3936;0.0024s;1739497450.3961;2015092708;OAK@CLE;1;1;2015-09-27;02:52
1739497450.3936;0.0024s;1739497450.3961;2015092711;CHI@SEA;1;1;2015-09-27;03:18
1739497450.3936;0.0024s;1739497450.3961;2015092712;MIA@BUF;1;1;2015-09-27;03:24
1739497450.3936;0.0024s;1739497450.3961;2015092708;CLE@OAK;1;1;2015-09-27;05:52
1739497450.3936;0.0024s;1739497450.3961;2015092711;CHI@SEA;1;1;2015-09-27;07:03
1739497450.3936;0.0024s;1739497450.3961;2015092703;TB@HOU;1;1;2015-09-27;09:03
1739497450.3936;0.0024s;1739497450.3961;2015092709;IND@TEN;1;1;2015-09-27;11:00
1739497450.3936;0.0024s;1739497450.3961;2015092704;SD@MIN;1;1;2015-09-27;11:00
1739497450.3936;0.0024s;1739497450.3961;2015092707;BAL@CIN;1;1;2015-09-27;12:49
1739497450.3936;0.0024s;1739497450.3961;2015092713;DET@DEN;1;1;2015-09-27;12:54
1739497450.3936;0.0024s;1739497450.3961;2015092711;CHI@SEA;1;1;2015-09-27;13:39
1739497450.3936;0.0024s;1739497450.3961;2015092706;JAC@NE;1;1;2015-09-27;14:04
1739497450.3936;0.0024s;1739497450.3961;2015092712;MIA@BUF;1;1;2015-09-27;14:18
1739497450.3936;0.0024s;1739497450.3961;2015092705;STL@PIT;0;2;2015-09-27;08:20
1739497450.3936;0.0024s;1739497450.3961;2015092707;BAL@CIN;1;2;2015-09-27;00:41
1739497450.3936;0.0024s;1739497450.3961;2015092710;ARI@SF;1;2;2015-09-27;03:21
1739497450.3936;0.0024s;1739497450.3961;2015092700;ATL@DAL;1;2;2015-09-27;06:15
1739497450.3936;0.0024s;1739497450.3961;2015092702;NYJ@PHI;1;2;2015-09-27;08:24
1739497450.3936;0.0024s;1739497450.3961;2015092702;PHI@NYJ;1;2;2015-09-27;10:03
1739497450.3936;0.0024s;1739497450.3961;2015092710;SF@ARI;1;2;2015-09-27;12:03
1739497450.3936;0.0024s;1739497450.3961;2015092708;CLE@OAK;1;2;2015-09-27;12:23
1739497450.3936;0.0024s;1739497450.3961;2015092700;ATL@DAL;1;2;2015-09-27;12:44
1739497450.3936;0.0024s;1739497450.3961;2015092702;PHI@NYJ;1;2;2015-09-27;13:50
1739497450.3936;0.0024s;1739497450.3961;2015092709;IND@TEN;1;3;2015-09-27;02:22
1739497450.3936;0.0024s;1739497450.3961;2015092702;PHI@NYJ;1;3;2015-09-27;02:55
1739497450.3936;0.0024s;1739497450.3961;2015092703;TB@HOU;1;3;2015-09-27;03:34
1739497450.3936;0.0024s;1739497450.3961;2015092707;CIN@BAL;1;3;2015-09-27;04:37
1739497450.3936;0.0024s;1739497450.3961;2015092705;PIT@STL;1;3;2015-09-27;04:41
1739497450.3936;0.0024s;1739497450.3961;2015092702;PHI@NYJ;1;3;2015-09-27;06:03
1739497450.3936;0.0024s;1739497450.3961;2015092710;SF@ARI;1;3;2015-09-27;09:09
1739497450.3936;0.0024s;1739497450.3961;2015092703;HOU@TB;1;3;2015-09-27;09:28
1739497450.3936;0.0024s;1739497450.3961;2015092706;JAC@NE;1;3;2015-09-27;10:02
1739497450.3936;0.0024s;1739497450.3961;2015092702;PHI@NYJ;1;3;2015-09-27;10:24
1739497450.3936;0.0024s;1739497450.3961;2015092702;NYJ@PHI;1;3;2015-09-27;11:06
1739497450.3936;0.0024s;1739497450.3961;2015092700;ATL@DAL;1;3;2015-09-27;12:46
1739497450.3936;0.0024s;1739497450.3961;2015092704;SD@MIN;1;3;2015-09-27;12:57
1739497450.3936;0.0024s;1739497450.3961;2015092708;CLE@OAK;1;3;2015-09-27;13:41
1739497450.3936;0.0024s;1739497450.3961;2015092706;JAC@NE;2;3;2015-09-27;02:01
1739497450.3936;0.0024s;1739497450.3961;2015092709;IND@TEN;18;3;2015-09-27;08:32
1739497450.3936;0.0024s;1739497450.3961;2015092702;PHI@NYJ;1;4;2015-09-27;03:12
1739497450.3936;0.0024s;1739497450.3961;2015092701;CAR@NO;1;4;2015-09-27;04:00
1739497450.3936;0.0024s;1739497450.3961;2015092702;PHI@NYJ;1;4;2015-09-27;04:55
1739497450.3936;0.0024s;1739497450.3961;2015092707;BAL@CIN;1;4;2015-09-27;09:16
1739497450.3936;0.0024s;1739497450.3961;2015092705;PIT@STL;1;4;2015-09-27;09:58
1739497450.3936;0.0024s;1739497450.3961;2015092707;CIN@BAL;1;4;2015-09-27;10:06
1739497450.3936;0.0024s;1739497450.3961;2015092713;DEN@DET;1;4;2015-09-27;11:47
1739497450.3936;0.0024s;1739497450.3961;2015092706;JAC@NE;1;4;2015-09-27;13:27
1739497450.3936;0.0024s;1739497450.3961;2015092713;DET@DEN;1;4;2015-09-27;14:04
1739497450.3936;0.0024s;1739497450.3961;2015092703;HOU@TB;1;4;2015-09-27;15:00
1739497450.3936;0.0024s;1739497450.3961;2015092800;KC@GB;1;1;2015-09-28;01:00
1739497450.3936;0.0024s;1739497450.3961;2015092800;KC@GB;1;1;2015-09-28;12:30
1739497450.3936;0.0024s;1739497450.3961;2015092800;GB@KC;1;1;2015-09-28;14:01
1739497450.3936;0.0024s;1739497450.3961;2015092800;KC@GB;1;2;2015-09-28;04:09
1739497450.3936;0.0024s;1739497450.3961;2015092800;KC@GB;1;3;2015-09-28;13:38
1739497450.3936;0.0024s;1739497450.3961;2015092800;GB@KC;1;4;2015-09-28;00:29
1739497450.3936;0.0024s;1739497450.3961;2015092800;GB@KC;1;4;2015-09-28;05:57
1739497450.3936;0.0024s;1739497450.3961;2015100100;BAL@PIT;1;1;2015-10-01;12:51
1739497450.3936;0.0024s;1739497450.3961;2015100400;NYJ@MIA;1;1;2015-10-04;00:25
1739497450.3936;0.0024s;1739497450.3961;2015100409;GB@SF;1;1;2015-10-04;02:43
1739497450.3936;0.0024s;1739497450.3961;2015100405;PHI@WAS;1;1;2015-10-04;06:17
1739497450.3936;0.0024s;1739497450.3961;2015100410;STL@ARI;1;1;2015-10-04;08:44
1739497450.3936;0.0024s;1739497450.3961;2015100400;MIA@NYJ;1;1;2015-10-04;12:26
1739497450.3936;0.0024s;1739497450.3961;2015100402;ATL@HOU;1;1;2015-10-04;14:10
1739497450.3936;0.0024s;1739497450.3961;2015100410;STL@ARI;1;2;2015-10-04;00:48
1739497450.3936;0.0024s;1739497450.3961;2015100406;CAR@TB;1;2;2015-10-04;01:55
1739497450.3936;0.0024s;1739497450.3961;2015100407;NYG@BUF;1;2;2015-10-04;01:58
1739497450.3936;0.0024s;1739497450.3961;2015100405;WAS@PHI;1;2;2015-10-04;02:30
1739497450.3936;0.0024s;1739497450.3961;2015100400;MIA@NYJ;1;2;2015-10-04;03:10
1739497450.3936;0.0024s;1739497450.3961;2015100408;CLE@SD;1;2;2015-10-04;03:46
1739497450.3936;0.0024s;1739497450.3961;2015100410;STL@ARI;1;2;2015-10-04;09:07
1739497450.3936;0.0024s;1739497450.3961;2015100402;HOU@ATL;1;2;2015-10-04;13:46
1739497450.3936;0.0024s;1739497450.3961;2015100406;CAR@TB;1;2;2015-10-04;14:31
1739497450.3936;0.0024s;1739497450.3961;2015100407;BUF@NYG;1;2;2015-10-04;14:52
1739497450.3936;0.0024s;1739497450.3961;2015100406;TB@CAR;1;2;2015-10-04;15:00
1739497450.3936;0.0024s;1739497450.3961;2015100401;CHI@OAK;1;2;2015-10-04;15:00
1739497450.3936;0.0024s;1739497450.3961;2015100408;SD@CLE;1;3;2015-10-04;00:03
1739497450.3936;0.0024s;1739497450.3961;2015100404;JAC@IND;1;3;2015-10-04;01:45
1739497450.3936;0.0024s;1739497450.3961;2015100411;DEN@MIN;1;3;2015-10-04;07:29
1739497450.3936;0.0024s;1739497450.3961;2015100401;CHI@OAK;1;3;2015-10-04;08:06
1739497450.3936;0.0024s;1739497450.3961;2015100411;MIN@DEN;1;3;2015-10-04;09:16
1739497450.3936;0.0024s;1739497450.3961;2015100402;HOU@ATL;1;3;2015-10-04;09:25
1739497450.3936;0.0024s;1739497450.3961;2015100404;JAC@IND;1;3;2015-10-04;09:30
1739497450.3936;0.0024s;1739497450.3961;2015100407;BUF@NYG;1;3;2015-10-04;11:14
1739497450.3936;0.0024s;1739497450.3961;2015100409;SF@GB;1;3;2015-10-04;11:51
1739497450.3936;0.0024s;1739497450.3961;2015100412;DAL@NO;1;3;2015-10-04;12:56
1739497450.3936;0.0024s;1739497450.3961;2015100401;OAK@CHI;1;3;2015-10-04;13:41
1739497450.3936;0.0024s;1739497450.3961;2015100404;IND@JAC;1;4;2015-10-04;00:56
1739497450.3936;0.0024s;1739497450.3961;2015100402;ATL@HOU;1;4;2015-10-04;02:00
1739497450.3936;0.0024s;1739497450.3961;2015100410;STL@ARI;1;4;2015-10-04;03:03
1739497450.3936;0.0024s;1739497450.3961;2015100404;IND@JAC;1;4;2015-10-04;04:06
1739497450.3936;0.0024s;1739497450.3961;2015100409;GB@SF;1;4;2015-10-04;06:09
1739497450.3936;0.0024s;1739497450.3961;2015100400;NYJ@MIA;1;4;2015-10-04;08:13
1739497450.3936;0.0024s;1739497450.3961;2015100400;NYJ@MIA;1;4;2015-10-04;11:11
1739497450.3936;0.0024s;1739497450.3961;2015100402;ATL@HOU;1;4;2015-10-04;12:09
1739497450.3936;0.0024s;1739497450.3961;2015100406;TB@CAR;1;4;2015-10-04;12:39
1739497450.3936;0.0024s;1739497450.3961;2015100409;SF@GB;1;4;2015-10-04;13:22
1739497450.3936;0.0024s;1739497450.3961;2015100410;STL@ARI;1;4;2015-10-04;15:00
1739497450.3936;0.0024s;1739497450.3961;2015100404;IND@JAC;1;5;2015-10-04;12:25
1739497450.3936;0.0024s;1739497450.3961;2015100500;SEA@DET;1;1;2015-10-05;01:23
1739497450.3936;0.0024s;1739497450.3961;2015100500;DET@SEA;1;1;2015-10-05;04:04
1739497450.3936;0.0024s;1739497450.3961;2015100500;SEA@DET;1;1;2015-10-05;06:49
1739497450.3936;0.0024s;1739497450.3961;2015100500;DET@SEA;1;2;2015-10-05;00:18
1739497450.3936;0.0024s;1739497450.3961;2015100500;DET@SEA;1;2;2015-10-05;14:06
1739497450.3936;0.0024s;1739497450.3961;2015100500;DET@SEA;1;3;2015-10-05;00:38
1739497450.3936;0.0024s;1739497450.3961;2015100800;HOU@IND;1;3;2015-10-08;10:58
1739497450.3936;0.0024s;1739497450.3961;2015100800;IND@HOU;1;4;2015-10-08;03:38
1739497450.3936;0.0024s;1739497450.3961;2015101102;CIN@SEA;1;1;2015-10-11;04:05
1739497450.3936;0.0024s;1739497450.3961;2015101103;ATL@WAS;1;1;2015-10-11;04:11
1739497450.3936;0.0024s;1739497450.3961;2015101106;TEN@BUF;1;1;2015-10-11;07:53
1739497450.3936;0.0024s;1739497450.3961;2015101109;DAL@NE;1;1;2015-10-11;10:38
1739497450.3936;0.0024s;1739497450.3961;2015101101;CHI@KC;1;1;2015-10-11;10:41
1739497450.3936;0.0024s;1739497450.3961;2015101107;STL@GB;1;1;2015-10-11;14:07
1739497450.3936;0.0024s;1739497450.3961;2015101109;DAL@NE;1;1;2015-10-11;14:08
1739497450.3936;0.0024s;1739497450.3961;2015101108;DET@ARI;1;2;2015-10-11;00:48
1739497450.3936;0.0024s;1739497450.3961;2015101110;OAK@DEN;1;2;2015-10-11;03:36
1739497450.3936;0.0024s;1739497450.3961;2015101106;BUF@TEN;1;2;2015-10-11;04:37
1739497450.3936;0.0024s;1739497450.3961;2015101109;DAL@NE;1;2;2015-10-11;06:08
1739497450.3936;0.0024s;1739497450.3961;2015101102;SEA@CIN;1;2;2015-10-11;08:14
1739497450.3936;0.0024s;1739497450.3961;2015101109;NE@DAL;1;2;2015-10-11;08:49
1739497450.3936;0.0024s;1739497450.3961;2015101104;JAC@TB;1;2;2015-10-11;09:22
1739497450.3936;0.0024s;1739497450.3961;2015101106;BUF@TEN;1;2;2015-10-11;12:31
1739497450.3936;0.0024s;1739497450.3961;2015101101;CHI@KC;1;2;2015-10-11;13:35
1739497450.3936;0.0024s;1739497450.3961;2015101109;NE@DAL;1;2;2015-10-11;14:17
1739497450.3936;0.0024s;1739497450.3961;2015101102;CIN@SEA;1;3;2015-10-11;00:25
1739497450.3936;0.0024s;1739497450.3961;2015101101;KC@CHI;1;3;2015-10-11;01:16
1739497450.3936;0.0024s;1739497450.3961;2015101111;SF@NYG;1;3;2015-10-11;04:42
1739497450.3936;0.0024s;1739497450.3961;2015101104;TB@JAC;1;3;2015-10-11;06:30
1739497450.3936;0.0024s;1739497450.3961;2015101107;GB@STL;1;3;2015-10-11;08:36
1739497450.3936;0.0024s;1739497450.3961;2015101107;STL@GB;1;3;2015-10-11;10:32
1739497450.3936;0.0024s;1739497450.3961;2015101106;BUF@TEN;1;3;2015-10-11;12:11
1739497450.3936;0.0024s;1739497450.3961;2015101108;ARI@DET;1;3;2015-10-11;13:10
1739497450.3936;0.0024s;1739497450.3961;2015101107;STL@GB;20;3;2015-10-11;06:33
1739497450.3936;0.0024s;1739497450.3961;2015101106;BUF@TEN;1;4;2015-10-11;01:51
1739497450.3936;0.0024s;1739497450.3961;2015101104;TB@JAC;1;4;2015-10-11;02:59
1739497450.3936;0.0024s;1739497450.3961;2015101106;TEN@BUF;1;4;2015-10-11;03:01
1739497450.3936;0.0024s;1739497450.3961;2015101108;DET@ARI;1;4;2015-10-11;07:04
1739497450.3936;0.0024s;1739497450.3961;2015101107;GB@STL;1;4;2015-10-11;07:42
1739497450.3936;0.0024s;1739497450.3961;2015101105;CLE@BAL;1;4;2015-10-11;09:00
1739497450.3936;0.0024s;1739497450.3961;2015101102;SEA@CIN;1;4;2015-10-11;09:39
1739497450.3936;0.0024s;1739497450.3961;2015101101;KC@CHI;1;4;2015-10-11;11:36
1739497450.3936;0.0024s;1739497450.3961;2015101104;JAC@TB;1;4;2015-10-11;13:41
1739497450.3936;0.0024s;1739497450.3961;2015101102;SEA@CIN;1;4;2015-10-11;14:12
1739497450.3936;0.0024s;1739497450.3961;2015101105;BAL@CLE;1;4;2015-10-11;14:18
1739497450.3936;0.0024s;1739497450.3961;2015101102;SEA@CIN;1;5;2015-10-11;07:14
1739497450.3936;0.0024s;1739497450.3961;2015101105;BAL@CLE;1;5;2015-10-11;14:06
1739497450.3936;0.0024s;1739497450.3961;2015101200;SD@PIT;1;3;2015-10-12;09:00
1739497450.3936;0.0024s;1739497450.3961;2015101200;PIT@SD;1;4;2015-10-12;14:06
1739497450.3936;0.0024s;1739497450.3961;2015101500;NO@ATL;1;2;2015-10-15;10:27
1739497450.3936;0.0024s;1739497450.3961;2015101500;ATL@NO;1;3;2015-10-15;06:52
1739497450.3936;0.0024s;1739497450.3961;2015101500;ATL@NO;1;4;2015-10-15;06:31
1739497450.3936;0.0024s;1739497450.3961;2015101800;DET@CHI;1;1;2015-10-18;02:53
1739497450.3936;0.0024s;1739497450.3961;2015101802;PIT@ARI;1;1;2015-10-18;05:27
1739497450.3936;0.0024s;1739497450.3961;2015101808;CAR@SEA;1;1;2015-10-18;12:07
1739497450.3936;0.0024s;1739497450.3961;2015101802;ARI@PIT;1;1;2015-10-18;12:47
1739497450.3936;0.0024s;1739497450.3961;2015101810;SF@BAL;1;2;2015-10-18;01:59
1739497450.3936;0.0024s;1739497450.3961;2015101805;DEN@CLE;1;2;2015-10-18;05:46
1739497450.3936;0.0024s;1739497450.3961;2015101805;DEN@CLE;1;2;2015-10-18;08:11
1739497450.3936;0.0024s;1739497450.3961;2015101801;WAS@NYJ;1;2;2015-10-18;10:17
1739497450.3936;0.0024s;1739497450.3961;2015101803;KC@MIN;1;2;2015-10-18;11:03
1739497450.3936;0.0024s;1739497450.3961;2015101802;PIT@ARI;1;2;2015-10-18;12:09
1739497450.3936;0.0024s;1739497450.3961;2015101803;MIN@KC;1;2;2015-10-18;14:13
1739497450.3936;0.0024s;1739497450.3961;2015101804;BUF@CIN;1;3;2015-10-18;01:00
1739497450.3936;0.0024s;1739497450.3961;2015101805;CLE@DEN;1;3;2015-10-18;01:48
1739497450.3936;0.0024s;1739497450.3961;2015101808;SEA@CAR;1;3;2015-10-18;02:46
1739497450.3936;0.0024s;1739497450.3961;2015101809;SD@GB;1;3;2015-10-18;03:45
1739497450.3936;0.0024s;1739497450.3961;2015101805;DEN@CLE;1;3;2015-10-18;05:46
1739497450.3936;0.0024s;1739497450.3961;2015101804;BUF@CIN;1;3;2015-10-18;06:34
1739497450.3936;0.0024s;1739497450.3961;2015101809;GB@SD;1;3;2015-10-18;08:24
1739497450.3936;0.0024s;1739497450.3961;2015101801;WAS@NYJ;1;3;2015-10-18;09:00
1739497450.3936;0.0024s;1739497450.3961;2015101800;DET@CHI;1;3;2015-10-18;09:43
1739497450.3936;0.0024s;1739497450.3961;2015101807;JAC@HOU;1;3;2015-10-18;13:24
1739497450.3936;0.0024s;1739497450.3961;2015101808;CAR@SEA;1;3;2015-10-18;13:35
1739497450.3936;0.0024s;1739497450.3961;2015101809;GB@SD;1;3;2015-10-18;13:44
1739497450.3936;0.0024s;1739497450.3961;2015101811;NE@IND;1;4;2015-10-18;05:19
1739497450.3936;0.0024s;1739497450.3961;2015101805;CLE@DEN;1;4;2015-10-18;06:22
1739497450.3936;0.0024s;1739497450.3961;2015101808;SEA@CAR;1;4;2015-10-18;08:21
1739497450.3936;0.0024s;1739497450.3961;2015101807;JAC@HOU;1;4;2015-10-18;09:36
1739497450.3936;0.0024s;1739497450.3961;2015101801;WAS@NYJ;1;4;2015-10-18;13:55
1739497450.3936;0.0024s;1739497450.3961;2015101800;DET@CHI;30;4;2015-10-18;05:18
1739497450.3936;0.0024s;1739497450.3961;2015101800;DET@CHI;1;5;2015-10-18;08:13
1739497450.3936;0.0024s;1739497450.3961;2015101800;DET@CHI;1;5;2015-10-18;11:29
1739497450.3936;0.0024s;1739497450.3961;2015101900;PHI@NYG;1;1;2015-10-19;09:48
1739497450.3936;0.0024s;1739497450.3961;2015101900;PHI@NYG;1;2;2015-10-19;05:26
1739497450.3936;0.0024s;1739497450.3961;2015101900;NYG@PHI;1;2;2015-10-19;07:44
1739497450.3936;0.0024s;1739497450.3961;2015101900;NYG@PHI;1;3;2015-10-19;04:16
1739497450.3936;0.0024s;1739497450.3961;2015101900;NYG@PHI;1;4;2015-10-19;03:40
1739497450.3936;0.0024s;1739497450.3961;2015101900;NYG@PHI;1;4;2015-10-19;13:47
1739497450.3936;0.0024s;1739497450.3961;2015102200;SF@SEA;1;1;2015-10-22;13:47
1739497450.3936;0.0024s;1739497450.3961;2015102200;SF@SEA;1;2;2015-10-22;01:49
1739497450.3936;0.0024s;1739497450.3961;2015102200;SF@SEA;1;4;2015-10-22;04:16
1739497450.3936;0.0024s;1739497450.3961;2015102511;CAR@PHI;1;1;2015-10-25;00:48
1739497450.3936;0.0024s;1739497450.3961;2015102502;HOU@MIA;1;1;2015-10-25;02:17
1739497450.3936;0.0024s;1739497450.3961;2015102510;NYG@DAL;1;1;2015-10-25;03:24
1739497450.3936;0.0024s;1739497450.3961;2015102505;WAS@TB;1;1;2015-10-25;03:45
1739497450.3936;0.0024s;1739497450.3961;2015102502;HOU@MIA;1;1;2015-10-25;05:20
1739497450.3936;0.0024s;1739497450.3961;2015102507;IND@NO;1;1;2015-10-25;06:14
1739497450.3936;0.0024s;1739497450.3961;2015102509;SD@OAK;1;1;2015-10-25;11:25
1739497450.3936;0.0024s;1739497450.3961;2015102507;IND@NO;1;1;2015-10-25;11:31
1739497450.3936;0.0024s;1739497450.3961;2015102504;PIT@KC;1;1;2015-10-25;13:08
1739497450.3936;0.0024s;1739497450.3961;2015102505;WAS@TB;1;1;2015-10-25;13:17
1739497450.3936;0.0024s;1739497450.3961;2015102502;HOU@MIA;1;1;2015-10-25;14:04
1739497450.3936;0.0024s;1739497450.3961;2015102503;NYJ@NE;1;2;2015-10-25;00:24
1739497450.3936;0.0024s;1739497450.3961;2015102500;JAC@BUF;1;2;2015-10-25;01:52
1739497450.3936;0.0024s;1739497450.3961;2015102507;IND@NO;1;2;2015-10-25;01:58
1739497450.3936;0.0024s;1739497450.3961;2015102505;TB@WAS;1;2;2015-10-25;03:02
1739497450.3936;0.0024s;1739497450.3961;2015102503;NYJ@NE;1;2;2015-10-25;05:00
1739497450.3936;0.0024s;1739497450.3961;2015102501;CLE@STL;1;2;2015-10-25;08:07
1739497450.3936;0.0024s;1739497450.3961;2015102509;SD@OAK;1;2;2015-10-25;08:09
1739497450.3936;0.0024s;1739497450.3961;2015102506;DET@MIN;1;2;2015-10-25;09:18
1739497450.3936;0.0024s;1739497450.3961;2015102501;CLE@STL;1;2;2015-10-25;09:48
1739497450.3936;0.0024s;1739497450.3961;2015102502;HOU@MIA;1;2;2015-10-25;12:26
1739497450.3936;0.0024s;1739497450.3961;2015102507;NO@IND;1;3;2015-10-25;01:38
1739497450.3936;0.0024s;1739497450.3961;2015102503;NE@NYJ;1;3;2015-10-25;02:11
1739497450.3936;0.0024s;1739497450.3961;2015102506;DET@MIN;1;3;2015-10-25;04:17
1739497450.3936;0.0024s;1739497450.3961;2015102509;SD@OAK;1;3;2015-10-25;05:36
1739497450.3936;0.0024s;1739497450.3961;2015102507;IND@NO;1;3;2015-10-25;06:53
1739497450.3936;0.0024s;1739497450.3961;2015102509;SD@OAK;1;3;2015-10-25;09:53
1739497450.3936;0.0024s;1739497450.3961;2015102502;HOU@MIA;1;3;2015-10-25;10:38
1739497450.3936;0.0024s;1739497450.3961;2015102502;MIA@HOU;1;3;2015-10-25;13:07
1739497450.3936;0.0024s;1739497450.3961;2015102507;IND@NO;1;4;2015-10-25;05:14
1739497450.3936;0.0024s;1739497450.3961;2015102503;NYJ@NE;1;4;2015-10-25;05:39
1739497450.3936;0.0024s;1739497450.3961;2015102511;PHI@CAR;1;4;2015-10-25;07:06
1739497450.3936;0.0024s;1739497450.3961;2015102506;DET@MIN;1;4;2015-10-25;07:25
1739497450.3936;0.0024s;1739497450.3961;2015102506;MIN@DET;1;4;2015-10-25;08:52
1739497450.3936;0.0024s;1739497450.3961;2015102507;NO@IND;1;4;2015-10-25;10:46
1739497450.3936;0.0024s;1739497450.3961;2015102508;TEN@ATL;1;4;2015-10-25;11:53
1739497450.3936;0.0024s;1739497450.3961;2015102507;IND@NO;1;4;2015-10-25;12:38
1739497450.3936;0.0024s;1739497450.3961;2015102501;STL@CLE;1;4;2015-10-25;13:26
1739497450.3936;0.0024s;1739497450.3961;2015102502;MIA@HOU;1;4;2015-10-25;14:16
1739497450.3936;0.0024s;1739497450.3961;2015102504;KC@PIT;1;4;2015-10-25;14:26
1739497450.3936;0.0024s;1739497450.3961;2015102600;BAL@ARI;1;3;2015-10-26;06:36
1739497450.3936;0.0024s;1739497450.3961;2015102600;BAL@ARI;1;3;2015-10-26;13:06
1739497450.3936;0.0024s;1739497450.3961;2015102900;MIA@NE;1;1;2015-10-29;04:55
1739497450.3936;0.0024s;1739497450.3961;2015102900;MIA@NE;1;2;2015-10-29;01:53
1739497450.3936;0.0024s;1739497450.3961;2015102900;NE@MIA;1;2;2015-10-29;09:53
1739497450.3936;0.0024s;1739497450.3961;2015102900;MIA@NE;1;2;2015-10-29;12:03
1739497450.3936;0.0024s;1739497450.3961;2015102900;NE@MIA;1;2;2015-10-29;12:49
1739497450.3936;0.0024s;1739497450.3961;2015102900;NE@MIA;1;4;2015-10-29;01:24
1739497450.3936;0.0024s;1739497450.3961;2015110109;NYJ@OAK;1;1;2015-11-01;00:32
1739497450.3936;0.0024s;1739497450.3961;2015110103;TEN@HOU;1;1;2015-11-01;00:45
1739497450.3936;0.0024s;1739497450.3961;2015110107;STL@SF;1;1;2015-11-01;01:38
1739497450.3936;0.0024s;1739497450.3961;2015110102;PIT@CIN;1;1;2015-11-01;01:51
1739497450.3936;0.0024s;1739497450.3961;2015110108;ARI@CLE;1;1;2015-11-01;02:04
1739497450.3936;0.0024s;1739497450.3961;2015110100;DET@KC;1;1;2015-11-01;03:21
1739497450.3936;0.0024s;1739497450.3961;2015110103;TEN@HOU;1;1;2015-11-01;05:52
1739497450.3936;0.0024s;1739497450.3961;2015110103;HOU@TEN;1;1;2015-11-01;07:54
1739497450.3936;0.0024s;1739497450.3961;2015110111;GB@DEN;1;1;2015-11-01;09:43
1739497450.3936;0.0024s;1739497450.3961;2015110111;DEN@GB;1;1;2015-11-01;12:55
1739497450.3936;0.0024s;1739497450.3961;2015110101;SD@BAL;1;1;2015-11-01;13:20
1739497450.3936;0.0024s;1739497450.3961;2015110106;NO@NYG;1;1;2015-11-01;13:50
1739497450.3936;0.0024s;1739497450.3961;2015110103;HOU@TEN;1;1;2015-11-01;14:03
1739497450.3936;0.0024s;1739497450.3961;2015110108;CLE@ARI;1;2;2015-11-01;00:36
1739497450.3936;0.0024s;1739497450.3961;2015110100;DET@KC;1;2;2015-11-01;01:04
1739497450.3936;0.0024s;1739497450.3961;2015110103;HOU@TEN;1;2;2015-11-01;02:05
1739497450.3936;0.0024s;1739497450.3961;2015110106;NYG@NO;1;2;2015-11-01;09:04
1739497450.3936;0.0024s;1739497450.3961;2015110108;ARI@CLE;1;2;2015-11-01;12:37
1739497450.3936;0.0024s;1739497450.3961;2015110107;STL@SF;1;2;2015-11-01;12:52
1739497450.3936;0.0024s;1739497450.3961;2015110100;DET@KC;1;2;2015-11-01;15:00
1739497450.3936;0.0024s;1739497450.3961;2015110108;CLE@ARI;1;3;2015-11-01;01:17
1739497450.3936;0.0024s;1739497450.3961;2015110101;BAL@SD;1;3;2015-11-01;03:28
1739497450.3936;0.0024s;1739497450.3961;2015110107;SF@STL;1;3;2015-11-01;06:26
1739497450.3936;0.0024s;1739497450.3961;2015110110;SEA@DAL;1;3;2015-11-01;07:29
1739497450.3936;0.0024s;1739497450.3961;2015110100;DET@KC;1;3;2015-11-01;08:03
1739497450.3936;0.0024s;1739497450.3961;2015110103;HOU@TEN;1;3;2015-11-01;09:16
1739497450.3936;0.0024s;1739497450.3961;2015110108;CLE@ARI;1;3;2015-11-01;09:43
1739497450.3936;0.0024s;1739497450.3961;2015110108;CLE@ARI;1;3;2015-11-01;14:02
1739497450.3936;0.0024s;1739497450.3961;2015110105;TB@ATL;1;3;2015-11-01;14:10
1739497450.3936;0.0024s;1739497450.3961;2015110104;CHI@MIN;1;4;2015-11-01;01:10
1739497450.3936;0.0024s;1739497450.3961;2015110109;OAK@NYJ;1;4;2015-11-01;03:07
1739497450.3936;0.0024s;1739497450.3961;2015110109;NYJ@OAK;1;4;2015-11-01;03:30
1739497450.3936;0.0024s;1739497450.3961;2015110107;STL@SF;1;4;2015-11-01;04:13
1739497450.3936;0.0024s;1739497450.3961;2015110100;DET@KC;1;4;2015-11-01;05:50
1739497450.3936;0.0024s;1739497450.3961;2015110111;GB@DEN;1;4;2015-11-01;07:02
1739497450.3936;0.0024s;1739497450.3961;2015110103;HOU@TEN;1;4;2015-11-01;07:30
1739497450.3936;0.0024s;1739497450.3961;2015110101;SD@BAL;1;4;2015-11-01;07:42
1739497450.3936;0.0024s;1739497450.3961;2015110100;DET@KC;1;4;2015-11-01;11:12
1739497450.3936;0.0024s;1739497450.3961;2015110105;TB@ATL;1;4;2015-11-01;12:17
1739497450.3936;0.0024s;1739497450.3961;2015110200;CAR@IND;1;1;2015-11-02;03:03
1739497450.3936;0.0024s;1739497450.3961;2015110200;IND@CAR;1;3;2015-11-02;01:14
1739497450.3936;0.0024s;1739497450.3961;2015110200;CAR@IND;1;4;2015-11-02;02:10
1739497450.3936;0.0024s;1739497450.3961;2015110200;CAR@IND;1;4;2015-11-02;04:51
1739497450.3936;0.0024s;1739497450.3961;2015110200;CAR@IND;1;4;2015-11-02;12:39
1739497450.3936;0.0024s;1739497450.3961;2015110500;CIN@CLE;1;2;2015-11-05;13:03
1739497450.3936;0.0024s;1739497450.3961;2015110500;CLE@CIN;1;4;2015-11-05;11:55
1739497450.3936;0.0024s;1739497450.3961;2015110806;OAK@PIT;1;1;2015-11-08;01:45
1739497450.3936;0.0024s;1739497450.3961;2015110802;WAS@NE;1;1;2015-11-08;03:39
1739497450.3936;0.0024s;1739497450.3961;2015110801;CAR@GB;1;1;2015-11-08;06:59
1739497450.3936;0.0024s;1739497450.3961;2015110808;SF@ATL;1;1;2015-11-08;08:31
1739497450.3936;0.0024s;1739497450.3961;2015110800;STL@MIN;1;1;2015-11-08;09:05
1739497450.3936;0.0024s;1739497450.3961;2015110806;OAK@PIT;1;1;2015-11-08;09:06
1739497450.3936;0.0024s;1739497450.3961;2015110810;PHI@DAL;1;1;2015-11-08;12:43
1739497450.3936;0.0024s;1739497450.3961;2015110808;SF@ATL;1;1;2015-11-08;13:12
1739497450.3936;0.0024s;1739497450.3961;2015110809;DEN@IND;1;1;2015-11-08;13:42
1739497450.3936;0.0024s;1739497450.3961;2015110803;TEN@NO;1;1;2015-11-08;13:49
1739497450.3936;0.0024s;1739497450.3961;2015110809;DEN@IND;1;2;2015-11-08;01:33
1739497450.3936;0.0024s;1739497450.3961;2015110805;JAC@NYJ;1;2;2015-11-08;01:40
1739497450.3936;0.0024s;1739497450.3961;2015110805;JAC@NYJ;1;2;2015-11-08;04:40
1739497450.3936;0.0024s;1739497450.3961;2015110809;DEN@IND;1;2;2015-11-08;05:36
1739497450.3936;0.0024s;1739497450.3961;2015110803;NO@TEN;1;2;2015-11-08;07:08
1739497450.3936;0.0024s;1739497450.3961;2015110808;SF@ATL;1;2;2015-11-08;07:49
1739497450.3936;0.0024s;1739497450.3961;2015110800;MIN@STL;1;2;2015-11-08;09:17
1739497450.3936;0.0024s;1739497450.3961;2015110801;GB@CAR;1;2;2015-11-08;10:32
1739497450.3936;0.0024s;1739497450.3961;2015110805;JAC@NYJ;1;2;2015-11-08;11:42
1739497450.3936;0.0024s;1739497450.3961;2015110800;MIN@STL;1;2;2015-11-08;13:27
1739497450.3936;0.0024s;1739497450.3961;2015110810;PHI@DAL;1;3;2015-11-08;00:31
1739497450.3936;0.0024s;1739497450.3961;2015110805;JAC@NYJ;1;3;2015-11-08;00:37
1739497450.3936;0.0024s;1739497450.3961;2015110801;GB@CAR;1;3;2015-11-08;00:50
1739497450.3936;0.0024s;1739497450.3961;2015110808;SF@ATL;1;3;2015-11-08;02:35
1739497450.3936;0.0024s;1739497450.3961;2015110803;TEN@NO;1;3;2015-11-08;02:40
1739497450.3936;0.0024s;1739497450.3961;2015110801;GB@CAR;1;3;2015-11-08;04:05
1739497450.3936;0.0024s;1739497450.3961;2015110800;MIN@STL;1;3;2015-11-08;04:27
1739497450.3936;0.0024s;1739497450.3961;2015110802;NE@WAS;1;3;2015-11-08;05:16
1739497450.3936;0.0024s;1739497450.3961;2015110805;NYJ@JAC;1;3;2015-11-08;06:21
1739497450.3936;0.0024s;1739497450.3961;2015110804;BUF@MIA;1;3;2015-11-08;08:01
1739497450.3936;0.0024s;1739497450.3961;2015110800;STL@MIN;1;3;2015-11-08;12:09
1739497450.3936;0.0024s;1739497450.3961;2015110803;NO@TEN;1;3;2015-11-08;13:08
1739497450.3936;0.0024s;1739497450.3961;2015110801;CAR@GB;1;3;2015-11-08;13:14
1739497450.3936;0.0024s;1739497450.3961;2015110800;MIN@STL;1;4;2015-11-08;01:27
1739497450.3936;0.0024s;1739497450.3961;2015110800;STL@MIN;1;4;2015-11-08;06:59
1739497450.3936;0.0024s;1739497450.3961;2015110801;GB@CAR;1;4;2015-11-08;11:55
1739497450.3936;0.0024s;1739497450.3961;2015110801;CAR@GB;1;4;2015-11-08;13:53
1739497450.3936;0.0024s;1739497450.3961;2015110800;STL@MIN;1;5;2015-11-08;13:32
1739497450.3936;0.0024s;1739497450.3961;2015110900;SD@CHI;1;3;2015-11-09;13:38
1739497450.3936;0.0024s;1739497450.3961;2015111200;BUF@NYJ;1;1;2015-11-12;00:12
1739497450.3936;0.0024s;1739497450.3961;2015111200;BUF@NYJ;1;1;2015-11-12;09:06
1739497450.3936;0.0024s;1739497450.3961;2015111200;NYJ@BUF;1;1;2015-11-12;11:55
1739497450.3936;0.0024s;1739497450.3961;2015111200;BUF@NYJ;1;4;2015-11-12;10:22
1739497450.3936;0.0024s;1739497450.3961;2015111511;SEA@ARI;1;1;2015-11-15;01:04
1739497450.3936;0.0024s;1739497450.3961;2015111501;DET@GB;1;1;2015-11-15;01:56
1739497450.3936;0.0024s;1739497450.3961;2015111510;KC@DEN;1;1;2015-11-15;02:32
1739497450.3936;0.0024s;1739497450.3961;2015111501;GB@DET;1;1;2015-11-15;04:06
1739497450.3936;0.0024s;1739497450.3961;2015111510;DEN@KC;1;1;2015-11-15;05:11
1739497450.3936;0.0024s;1739497450.3961;2015111501;GB@DET;1;1;2015-11-15;07:24
1739497450.3936;0.0024s;1739497450.3961;2015111501;DET@GB;1;1;2015-11-15;08:27
1739497450.3936;0.0024s;1739497450.3961;2015111510;DEN@KC;1;1;2015-11-15;10:20
1739497450.3936;0.0024s;1739497450.3961;2015111511;SEA@ARI;1;1;2015-11-15;10:30
1739497450.3936;0.0024s;1739497450.3961;2015111505;MIA@PHI;1;2;2015-11-15;00:27
1739497450.3936;0.0024s;1739497450.3961;2015111500;NO@WAS;1;2;2015-11-15;01:53
1739497450.3936;0.0024s;1739497450.3961;2015111504;CHI@STL;1;2;2015-11-15;01:58
1739497450.3936;0.0024s;1739497450.3961;2015111505;MIA@PHI;1;2;2015-11-15;03:06
1739497450.3936;0.0024s;1739497450.3961;2015111508;MIN@OAK;1;2;2015-11-15;03:31
1739497450.3936;0.0024s;1739497450.3961;2015111504;STL@CHI;1;2;2015-11-15;03:41
1739497450.3936;0.0024s;1739497450.3961;2015111511;SEA@ARI;1;2;2015-11-15;05:38
1739497450.3936;0.0024s;1739497450.3961;2015111509;NE@NYG;1;2;2015-11-15;07:11
1739497450.3936;0.0024s;1739497450.3961;2015111510;DEN@KC;1;2;2015-11-15;10:48
1739497450.3936;0.0024s;1739497450.3961;2015111506;BAL@JAC;1;2;2015-11-15;12:35
1739497450.3936;0.0024s;1739497450.3961;2015111504;STL@CHI;1;2;2015-11-15;14:10
1739497450.3936;0.0024s;1739497450.3961;2015111501;GB@DET;1;2;2015-11-15;15:00
1739497450.3936;0.0024s;1739497450.3961;2015111508;OAK@MIN;1;3;2015-11-15;01:08
1739497450.3936;0.0024s;1739497450.3961;2015111505;PHI@MIA;1;3;2015-11-15;03:17
1739497450.3936;0.0024s;1739497450.3961;2015111500;NO@WAS;1;3;2015-11-15;03:31
1739497450.3936;0.0024s;1739497450.3961;2015111503;TEN@CAR;1;3;2015-11-15;04:11
1739497450.3936;0.0024s;1739497450.3961;2015111502;TB@DAL;1;3;2015-11-15;06:11
1739497450.3936;0.0024s;1739497450.3961;2015111505;MIA@PHI;1;3;2015-11-15;06:29
1739497450.3936;0.0024s;1739497450.3961;2015111508;MIN@OAK;1;3;2015-11-15;06:31
1739497450.3936;0.0024s;1739497450.3961;2015111509;NYG@NE;1;3;2015-11-15;06:36
1739497450.3936;0.0024s;1739497450.3961;2015111504;CHI@STL;1;3;2015-11-15;07:10
1739497450.3936;0.0024s;1739497450.3961;2015111505;PHI@MIA;1;3;2015-11-15;07:31
1739497450.3936;0.0024s;1739497450.3961;2015111509;NE@NYG;1;3;2015-11-15;08:09
1739497450.3936;0.0024s;1739497450.3961;2015111502;TB@DAL;1;3;2015-11-15;13:33
1739497450.3936;0.0024s;1739497450.3961;2015111504;CHI@STL;1;3;2015-11-15;13:39
1739497450.3936;0.0024s;1739497450.3961;2015111504;STL@CHI;0;4;2015-11-15;10:21
1739497450.3936;0.0024s;1739497450.3961;2015111505;MIA@PHI;1;4;2015-11-15;01:51
1739497450.3936;0.0024s;1739497450.3961;2015111500;WAS@NO;1;4;2015-11-15;03:48
1739497450.3936;0.0024s;1739497450.3961;2015111505;MIA@PHI;1;4;2015-11-15;06:37
1739497450.3936;0.0024s;1739497450.3961;2015111503;TEN@CAR;1;4;2015-11-15;07:40
1739497450.3936;0.0024s;1739497450.3961;2015111505;MIA@PHI;1;4;2015-11-15;09:33
1739497450.3936;0.0024s;1739497450.3961;2015111508;OAK@MIN;1;4;2015-11-15;09:42
1739497450.3936;0.0024s;1739497450.3961;2015111503;TEN@CAR;1;4;2015-11-15;13:35
1739497450.3936;0.0024s;1739497450.3961;2015111501;GB@DET;1;4;2015-11-15;15:00
1739497450.3936;0.0024s;1739497450.3961;2015111600;HOU@CIN;1;1;2015-11-16;06:12
1739497450.3936;0.0024s;1739497450.3961;2015111600;HOU@CIN;1;1;2015-11-16;10:28
1739497450.3936;0.0024s;1739497450.3961;2015111600;CIN@HOU;1;1;2015-11-16;11:56
1739497450.3936;0.0024s;1739497450.3961;2015111600;HOU@CIN;1;4;2015-11-16;04:07
1739497450.3936;0.0024s;1739497450.3961;2015111600;HOU@CIN;1;4;2015-11-16;11:58
1739497450.3936;0.0024s;1739497450.3961;2015111900;JAC@TEN;1;1;2015-11-19;08:12
1739497450.3936;0.0024s;1739497450.3961;2015111900;TEN@JAC;1;2;2015-11-19;01:38
1739497450.3936;0.0024s;1739497450.3961;2015111900;TEN@JAC;1;4;2015-11-19;03:49
1739497450.3936;0.0024s;1739497450.3961;2015111900;JAC@TEN;1;4;2015-11-19;06:04
1739497450.3936;0.0024s;1739497450.3961;2015112208;BAL@STL;1;1;2015-11-22;00:16
1739497450.3936;0.0024s;1739497450.3961;2015112204;PHI@TB;1;1;2015-11-22;05:58
1739497450.3936;0.0024s;1739497450.3961;2015112201;OAK@DET;1;1;2015-11-22;06:09
1739497450.3936;0.0024s;1739497450.3961;2015112208;BAL@STL;1;1;2015-11-22;08:21
1739497450.3936;0.0024s;1739497450.3961;2015112210;SF@SEA;1;1;2015-11-22;13:05
1739497450.3936;0.0024s;1739497450.3961;2015112209;ARI@CIN;1;2;2015-11-22;00:47
1739497450.3936;0.0024s;1739497450.3961;2015112203;NYJ@HOU;1;2;2015-11-22;01:54
1739497450.3936;0.0024s;1739497450.3961;2015112201;DET@OAK;1;2;2015-11-22;06:55
1739497450.3936;0.0024s;1739497450.3961;2015112203;HOU@NYJ;1;2;2015-11-22;07:10
1739497450.3936;0.0024s;1739497450.3961;2015112204;PHI@TB;1;2;2015-11-22;10:19
1739497450.3936;0.0024s;1739497450.3961;2015112207;DAL@MIA;1;2;2015-11-22;11:30
1739497450.3936;0.0024s;1739497450.3961;2015112204;TB@PHI;1;2;2015-11-22;11:49
1739497450.3936;0.0024s;1739497450.3961;2015112206;CAR@WAS;1;2;2015-11-22;14:35
1739497450.3936;0.0024s;1739497450.3961;2015112210;SF@SEA;1;2;2015-11-22;15:00
1739497450.3936;0.0024s;1739497450.3961;2015112208;BAL@STL;1;3;2015-11-22;00:01
1739497450.3936;0.0024s;1739497450.3961;2015112211;SD@KC;1;3;2015-11-22;00:52
1739497450.3936;0.0024s;1739497450.3961;2015112201;DET@OAK;1;3;2015-11-22;02:31
1739497450.3936;0.0024s;1739497450.3961;2015112209;CIN@ARI;1;3;2015-11-22;04:22
1739497450.3936;0.0024s;1739497450.3961;2015112205;MIN@GB;1;3;2015-11-22;06:07
1739497450.3936;0.0024s;1739497450.3961;2015112208;STL@BAL;1;3;2015-11-22;10:13
1739497450.3936;0.0024s;1739497450.3961;2015112209;CIN@ARI;1;3;2015-11-22;10:30
1739497450.3936;0.0024s;1739497450.3961;2015112209;CIN@ARI;1;3;2015-11-22;13:14
1739497450.3936;0.0024s;1739497450.3961;2015112211;SD@KC;1;3;2015-11-22;13:22
1739497450.3936;0.0024s;1739497450.3961;2015112210;SEA@SF;1;3;2015-11-22;13:22
1739497450.3936;0.0024s;1739497450.3961;2015112203;NYJ@HOU;1;3;2015-11-22;14:32
1739497450.3936;0.0024s;1739497450.3961;2015112206;CAR@WAS;1;4;2015-11-22;00:26
1739497450.3936;0.0024s;1739497450.3961;2015112200;DEN@CHI;1;4;2015-11-22;02:00
1739497450.3936;0.0024s;1739497450.3961;2015112210;SF@SEA;1;4;2015-11-22;03:09
1739497450.3936;0.0024s;1739497450.3961;2015112203;HOU@NYJ;1;4;2015-11-22;03:19
1739497450.3936;0.0024s;1739497450.3961;2015112202;ATL@IND;1;4;2015-11-22;05:07
1739497450.3936;0.0024s;1739497450.3961;2015112203;HOU@NYJ;1;4;2015-11-22;07:24
1739497450.3936;0.0024s;1739497450.3961;2015112205;MIN@GB;1;4;2015-11-22;08:11
1739497450.3936;0.0024s;1739497450.3961;2015112202;ATL@IND;1;4;2015-11-22;08:29
1739497450.3936;0.0024s;1739497450.3961;2015112208;STL@BAL;1;4;2015-11-22;09:08
1739497450.3936;0.0024s;1739497450.3961;2015112201;OAK@DET;1;4;2015-11-22;09:16
1739497450.3936;0.0024s;1739497450.3961;2015112204;TB@PHI;1;4;2015-11-22;09:17
1739497450.3936;0.0024s;1739497450.3961;2015112202;ATL@IND;1;4;2015-11-22;13:00
1739497450.3936;0.0024s;1739497450.3961;2015112300;BUF@NE;1;1;2015-11-23;13:35
1739497450.3936;0.0024s;1739497450.3961;2015112300;BUF@NE;1;2;2015-11-23;06:37
1739497450.3936;0.0024s;1739497450.3961;2015112300;BUF@NE;1;3;2015-11-23;08:12
1739497450.3936;0.0024s;1739497450.3961;2015112300;NE@BUF;1;3;2015-11-23;09:37
1739497450.3936;0.0024s;1739497450.3961;2015112300;NE@BUF;1;4;2015-11-23;07:47
1739497450.3936;0.0024s;1739497450.3961;2015112600;PHI@DET;1;1;2015-11-26;06:47
1739497450.3936;0.0024s;1739497450.3961;2015112600;PHI@DET;1;2;2015-11-26;07:29
1739497450.3936;0.0024s;1739497450.3961;2015112600;PHI@DET;1;4;2015-11-26;14:27
1739497450.3936;0.0024s;1739497450.3961;2015112601;DAL@CAR;1;2;2015-11-26;09:25
1739497450.3936;0.0024s;1739497450.3961;2015112602;GB@CHI;1;2;2015-11-26;13:01
1739497450.3936;0.0024s;1739497450.3961;2015112602;CHI@GB;1;3;2015-11-26;10:23
1739497450.3936;0.0024s;1739497450.3961;2015112601;CAR@DAL;1;3;2015-11-26;11:35
1739497450.3936;0.0024s;1739497450.3961;2015112600;DET@PHI;1;4;2015-11-26;01:15
1739497450.3936;0.0024s;1739497450.3961;2015112600;DET@PHI;1;4;2015-11-26;06:14
1739497450.3936;0.0024s;1739497450.3961;2015112903;NO@HOU;1;1;2015-11-29;00:03
1739497450.3936;0.0024s;1739497450.3961;2015112905;MIA@NYJ;1;1;2015-11-29;00:41
1739497450.3936;0.0024s;1739497450.3961;2015112906;JAC@SD;1;1;2015-11-29;01:08
1739497450.3936;0.0024s;1739497450.3961;2015112903;NO@HOU;1;1;2015-11-29;05:11
1739497450.3936;0.0024s;1739497450.3961;2015112908;KC@BUF;1;1;2015-11-29;05:28
1739497450.3936;0.0024s;1739497450.3961;2015112911;DEN@NE;1;1;2015-11-29;09:15
1739497450.3936;0.0024s;1739497450.3961;2015112905;NYJ@MIA;1;1;2015-11-29;10:06
1739497450.3936;0.0024s;1739497450.3961;2015112901;ATL@MIN;1;1;2015-11-29;10:23
1739497450.3936;0.0024s;1739497450.3961;2015112907;TEN@OAK;1;1;2015-11-29;11:34
1739497450.3936;0.0024s;1739497450.3961;2015112901;MIN@ATL;1;1;2015-11-29;12:38
1739497450.3936;0.0024s;1739497450.3961;2015112903;NO@HOU;1;1;2015-11-29;13:17
1739497450.3936;0.0024s;1739497450.3961;2015112907;TEN@OAK;1;1;2015-11-29;14:07
1739497450.3936;0.0024s;1739497450.3961;2015112901;MIN@ATL;1;2;2015-11-29;03:58
1739497450.3936;0.0024s;1739497450.3961;2015112904;IND@TB;1;2;2015-11-29;04:48
1739497450.3936;0.0024s;1739497450.3961;2015112905;MIA@NYJ;1;2;2015-11-29;07:50
1739497450.3936;0.0024s;1739497450.3961;2015112911;NE@DEN;1;2;2015-11-29;08:00
1739497450.3936;0.0024s;1739497450.3961;2015112900;NYG@WAS;1;2;2015-11-29;08:07
1739497450.3936;0.0024s;1739497450.3961;2015112903;HOU@NO;1;2;2015-11-29;09:05
1739497450.3936;0.0024s;1739497450.3961;2015112911;DEN@NE;1;2;2015-11-29;09:33
1739497450.3936;0.0024s;1739497450.3961;2015112905;NYJ@MIA;1;2;2015-11-29;10:02
1739497450.3936;0.0024s;1739497450.3961;2015112909;SF@ARI;1;2;2015-11-29;11:03
1739497450.3936;0.0024s;1739497450.3961;2015112905;MIA@NYJ;1;2;2015-11-29;12:53
1739497450.3936;0.0024s;1739497450.3961;2015112905;NYJ@MIA;1;2;2015-11-29;14:38
1739497450.3936;0.0024s;1739497450.3961;2015112911;DEN@NE;1;3;2015-11-29;00:18
1739497450.3936;0.0024s;1739497450.3961;2015112907;OAK@TEN;1;3;2015-11-29;00:42
1739497450.3936;0.0024s;1739497450.3961;2015112900;NYG@WAS;1;3;2015-11-29;01:46
1739497450.3936;0.0024s;1739497450.3961;2015112902;STL@CIN;1;3;2015-11-29;04:17
1739497450.3936;0.0024s;1739497450.3961;2015112900;NYG@WAS;1;3;2015-11-29;04:17
1739497450.3936;0.0024s;1739497450.3961;2015112900;WAS@NYG;1;3;2015-11-29;05:13
1739497450.3936;0.0024s;1739497450.3961;2015112905;NYJ@MIA;1;3;2015-11-29;06:23
1739497450.3936;0.0024s;1739497450.3961;2015112905;MIA@NYJ;1;3;2015-11-29;07:17
1739497450.3936;0.0024s;1739497450.3961;2015112906;JAC@SD;1;3;2015-11-29;07:45
1739497450.3936;0.0024s;1739497450.3961;2015112904;TB@IND;1;3;2015-11-29;08:39
1739497450.3936;0.0024s;1739497450.3961;2015112906;SD@JAC;1;3;2015-11-29;08:43
1739497450.3936;0.0024s;1739497450.3961;2015112902;STL@CIN;1;3;2015-11-29;08:44
1739497450.3936;0.0024s;1739497450.3961;2015112906;SD@JAC;1;3;2015-11-29;12:41
1739497450.3936;0.0024s;1739497450.3961;2015112905;MIA@NYJ;1;3;2015-11-29;12:58
1739497450.3936;0.0024s;1739497450.3961;2015112902;CIN@STL;1;4;2015-11-29;01:52
1739497450.3936;0.0024s;1739497450.3961;2015112911;NE@DEN;1;4;2015-11-29;04:48
1739497450.3936;0.0024s;1739497450.3961;2015112905;MIA@NYJ;1;4;2015-11-29;11:21
1739497450.3936;0.0024s;1739497450.3961;2015112907;TEN@OAK;1;4;2015-11-29;14:53
1739497450.3936;0.0024s;1739497450.3961;2015112911;NE@DEN;1;5;2015-11-29;14:01
1739497450.3936;0.0024s;1739497450.3961;2015113000;CLE@BAL;1;1;2015-11-30;07:44
1739497450.3936;0.0024s;1739497450.3961;2015113000;BAL@CLE;1;2;2015-11-30;03:10
1739497450.3936;0.0024s;1739497450.3961;2015113000;CLE@BAL;1;4;2015-11-30;01:06
1739497450.3936;0.0024s;1739497450.3961;2015120602;MIA@BAL;1;1;2015-12-06;00:40
1739497450.3936;0.0024s;1739497450.3961;2015120605;SF@CHI;1;1;2015-12-06;03:56
1739497450.3936;0.0024s;1739497450.3961;2015120612;NE@PHI;1;1;2015-12-06;04:44
1739497450.3936;0.0024s;1739497450.3961;2015120609;ARI@STL;1;1;2015-12-06;05:29
1739497450.3936;0.0024s;1739497450.3961;2015120611;DEN@SD;1;1;2015-12-06;06:27
1739497450.3936;0.0024s;1739497450.3961;2015120608;ATL@TB;1;1;2015-12-06;07:40
1739497450.3936;0.0024s;1739497450.3961;2015120603;CLE@CIN;1;1;2015-12-06;08:34
1739497450.3936;0.0024s;1739497450.3961;2015120605;SF@CHI;1;1;2015-12-06;09:02
1739497450.3936;0.0024s;1739497450.3961;2015120607;CAR@NO;1;1;2015-12-06;10:20
1739497450.3936;0.0024s;1739497450.3961;2015120602;BAL@MIA;1;1;2015-12-06;12:15
1739497450.3936;0.0024s;1739497450.3961;2015120612;PHI@NE;1;1;2015-12-06;12:15
1739497450.3936;0.0024s;1739497450.3961;2015120604;TEN@JAC;1;1;2015-12-06;12:42
1739497450.3936;0.0024s;1739497450.3961;2015120602;MIA@BAL;1;1;2015-12-06;13:17
1739497450.3936;0.0024s;1739497450.3961;2015120604;JAC@TEN;1;1;2015-12-06;13:39
1739497450.3936;0.0024s;1739497450.3961;2015120609;STL@ARI;1;2;2015-12-06;01:06
1739497450.3936;0.0024s;1739497450.3961;2015120610;OAK@KC;1;2;2015-12-06;01:28
1739497450.3936;0.0024s;1739497450.3961;2015120610;KC@OAK;1;2;2015-12-06;01:52
1739497450.3936;0.0024s;1739497450.3961;2015120602;MIA@BAL;1;2;2015-12-06;03:11
1739497450.3936;0.0024s;1739497450.3961;2015120612;NE@PHI;1;2;2015-12-06;03:14
1739497450.3936;0.0024s;1739497450.3961;2015120605;CHI@SF;1;2;2015-12-06;05:17
1739497450.3936;0.0024s;1739497450.3961;2015120604;JAC@TEN;1;2;2015-12-06;07:14
1739497450.3936;0.0024s;1739497450.3961;2015120610;KC@OAK;1;2;2015-12-06;11:11
1739497450.3936;0.0024s;1739497450.3961;2015120612;PHI@NE;1;2;2015-12-06;12:49
1739497450.3936;0.0024s;1739497450.3961;2015120611;SD@DEN;1;2;2015-12-06;12:54
1739497450.3936;0.0024s;1739497450.3961;2015120606;SEA@MIN;1;2;2015-12-06;13:16
1739497450.3936;0.0024s;1739497450.3961;2015120602;MIA@BAL;1;3;2015-12-06;01:42
1739497450.3936;0.0024s;1739497450.3961;2015120608;ATL@TB;1;3;2015-12-06;03:11
1739497450.3936;0.0024s;1739497450.3961;2015120609;STL@ARI;1;3;2015-12-06;04:27
1739497450.3936;0.0024s;1739497450.3961;2015120603;CLE@CIN;1;3;2015-12-06;04:50
1739497450.3936;0.0024s;1739497450.3961;2015120600;NYJ@NYG;1;3;2015-12-06;05:16
1739497450.3936;0.0024s;1739497450.3961;2015120605;SF@CHI;1;3;2015-12-06;07:32
1739497450.3936;0.0024s;1739497450.3961;2015120604;TEN@JAC;1;3;2015-12-06;12:35
1739497450.3936;0.0024s;1739497450.3961;2015120606;MIN@SEA;1;3;2015-12-06;13:08
1739497450.3936;0.0024s;1739497450.3961;2015120613;IND@PIT;1;3;2015-12-06;14:10
1739497450.3936;0.0024s;1739497450.3961;2015120605;SF@CHI;1;4;2015-12-06;07:34
1739497450.3936;0.0024s;1739497450.3961;2015120612;PHI@NE;1;4;2015-12-06;07:54
1739497450.3936;0.0024s;1739497450.3961;2015120605;CHI@SF;1;4;2015-12-06;09:45
1739497450.3936;0.0024s;1739497450.3961;2015120608;TB@ATL;1;4;2015-12-06;09:53
1739497450.3936;0.0024s;1739497450.3961;2015120612;NE@PHI;1;4;2015-12-06;10:21
1739497450.3936;0.0024s;1739497450.3961;2015120605;SF@CHI;1;4;2015-12-06;11:21
1739497450.3936;0.0024s;1739497450.3961;2015120605;CHI@SF;1;5;2015-12-06;13:13
1739497450.3936;0.0024s;1739497450.3961;2015120700;WAS@DAL;1;1;2015-12-07;02:32
1739497450.3936;0.0024s;1739497450.3961;2015120700;WAS@DAL;1;4;2015-12-07;03:25
1739497450.3936;0.0024s;1739497450.3961;2015121000;MIN@ARI;1;3;2015-12-10;07:20
1739497450.3936;0.0024s;1739497450.3961;2015121313;SEA@BAL;1;1;2015-12-13;01:22
1739497450.3936;0.0024s;1739497450.3961;2015121310;SF@CLE;1;1;2015-12-13;03:01
1739497450.3936;0.0024s;1739497450.3961;2015121309;DET@STL;1;1;2015-12-13;03:15
1739497450.3936;0.0024s;1739497450.3961;2015121300;PHI@BUF;1;1;2015-12-13;03:22
1739497450.3936;0.0024s;1739497450.3961;2015121304;JAC@IND;1;1;2015-12-13;06:59
1739497450.3936;0.0024s;1739497450.3961;2015121300;PHI@BUF;1;1;2015-12-13;07:03
1739497450.3936;0.0024s;1739497450.3961;2015121301;TEN@NYJ;1;1;2015-12-13;08:55
1739497450.3936;0.0024s;1739497450.3961;2015121303;HOU@NE;1;1;2015-12-13;09:43
1739497450.3936;0.0024s;1739497450.3961;2015121303;NE@HOU;1;1;2015-12-13;11:35
1739497450.3936;0.0024s;1739497450.3961;2015121312;GB@DAL;1;1;2015-12-13;12:40
1739497450.3936;0.0024s;1739497450.3961;2015121300;BUF@PHI;1;1;2015-12-13;12:51
1739497450.3936;0.0024s;1739497450.3961;2015121312;GB@DAL;1;2;2015-12-13;00:56
1739497450.3936;0.0024s;1739497450.3961;2015121313;SEA@BAL;1;2;2015-12-13;01:13
1739497450.3936;0.0024s;1739497450.3961;2015121302;CIN@PIT;1;2;2015-12-13;01:14
1739497450.3936;0.0024s;1739497450.3961;2015121306;WAS@CHI;1;2;2015-12-13;01:27
1739497450.3936;0.0024s;1739497450.3961;2015121301;TEN@NYJ;1;2;2015-12-13;01:55
1739497450.3936;0.0024s;1739497450.3961;2015121312;DAL@GB;1;2;2015-12-13;01:57
1739497450.3936;0.0024s;1739497450.3961;2015121303;HOU@NE;1;2;2015-12-13;02:58
1739497450.3936;0.0024s;1739497450.3961;2015121310;CLE@SF;1;2;2015-12-13;05:56
1739497450.3936;0.0024s;1739497450.3961;2015121301;TEN@NYJ;1;2;2015-12-13;07:47
1739497450.3936;0.0024s;1739497450.3961;2015121304;JAC@IND;1;2;2015-12-13;12:13
1739497450.3936;0.0024s;1739497450.3961;2015121312;DAL@GB;1;2;2015-12-13;14:15
1739497450.3936;0.0024s;1739497450.3961;2015121308;TB@NO;1;3;2015-12-13;00:20
1739497450.3936;0.0024s;1739497450.3961;2015121305;SD@KC;1;3;2015-12-13;00:55
1739497450.3936;0.0024s;1739497450.3961;2015121303;NE@HOU;1;3;2015-12-13;02:47
1739497450.3936;0.0024s;1739497450.3961;2015121311;DEN@OAK;1;3;2015-12-13;03:48
1739497450.3936;0.0024s;1739497450.3961;2015121302;CIN@PIT;1;3;2015-12-13;07:13
1739497450.3936;0.0024s;1739497450.3961;2015121311;OAK@DEN;1;3;2015-12-13;07:52
1739497450.3936;0.0024s;1739497450.3961;2015121301;NYJ@TEN;1;3;2015-12-13;08:21
1739497450.3936;0.0024s;1739497450.3961;2015121307;CAR@ATL;1;3;2015-12-13;11:57
1739497450.3936;0.0024s;1739497450.3961;2015121309;STL@DET;1;3;2015-12-13;12:08
1739497450.3936;0.0024s;1739497450.3961;2015121301;TEN@NYJ;1;3;2015-12-13;12:53
1739497450.3936;0.0024s;1739497450.3961;2015121312;DAL@GB;1;3;2015-12-13;13:30
1739497450.3936;0.0024s;1739497450.3961;2015121306;CHI@WAS;1;3;2015-12-13;13:44
1739497450.3936;0.0024s;1739497450.3961;2015121304;IND@JAC;1;3;2015-12-13;13:54
1739497450.3936;0.0024s;1739497450.3961;2015121300;PHI@BUF;1;4;2015-12-13;02:00
1739497450.3936;0.0024s;1739497450.3961;2015121300;BUF@PHI;1;4;2015-12-13;02:26
1739497450.3936;0.0024s;1739497450.3961;2015121300;BUF@PHI;1;4;2015-12-13;05:36
1739497450.3936;0.0024s;1739497450.3961;2015121311;DEN@OAK;1;4;2015-12-13;07:02
1739497450.3936;0.0024s;1739497450.3961;2015121307;CAR@ATL;1;4;2015-12-13;08:30
1739497450.3936;0.0024s;1739497450.3961;2015121300;BUF@PHI;1;4;2015-12-13;09:31
1739497450.3936;0.0024s;1739497450.3961;2015121305;SD@KC;1;4;2015-12-13;09:38
1739497450.3936;0.0024s;1739497450.3961;2015121313;SEA@BAL;1;4;2015-12-13;12:14
1739497450.3936;0.0024s;1739497450.3961;2015121312;GB@DAL;1;4;2015-12-13;13:24
1739497450.3936;0.0024s;1739497450.3961;2015121303;NE@HOU;1;4;2015-12-13;13:49
1739497450.3936;0.0024s;1739497450.3961;2015121313;BAL@SEA;1;4;2015-12-13;14:06
1739497450.3936;0.0024s;1739497450.3961;2015121400;MIA@NYG;1;1;2015-12-14;01:39
1739497450.3936;0.0024s;1739497450.3961;2015121400;NYG@MIA;1;2;2015-12-14;08:57
1739497450.3936;0.0024s;1739497450.3961;2015121400;MIA@NYG;1;3;2015-12-14;03:36
1739497450.3936;0.0024s;1739497450.3961;2015121400;NYG@MIA;1;3;2015-12-14;13:06
1739497450.3936;0.0024s;1739497450.3961;2015121900;NYJ@DAL;1;2;2015-12-19;02:00
1739497450.3936;0.0024s;1739497450.3961;2015121900;NYJ@DAL;1;3;2015-12-19;01:58
1739497450.3936;0.0024s;1739497450.3961;2015121900;NYJ@DAL;1;3;2015-12-19;09:31
1739497450.3936;0.0024s;1739497450.3961;2015121900;DAL@NYJ;1;4;2015-12-19;14:15
1739497450.3936;0.0024s;1739497450.3961;2015122005;NE@TEN;1;1;2015-12-20;00:55
1739497450.3936;0.0024s;1739497450.3961;2015122011;SD@MIA;1;1;2015-12-20;01:09
1739497450.3936;0.0024s;1739497450.3961;2015122011;MIA@SD;1;1;2015-12-20;02:41
1739497450.3936;0.0024s;1739497450.3961;2015122012;CIN@SF;1;1;2015-12-20;02:51
1739497450.3936;0.0024s;1739497450.3961;2015122007;BUF@WAS;1;1;2015-12-20;02:55
1739497450.3936;0.0024s;1739497450.3961;2015122005;TEN@NE;1;1;2015-12-20;03:21
1739497450.3936;0.0024s;1739497450.3961;2015122003;JAC@ATL;1;1;2015-12-20;04:14
1739497450.3936;0.0024s;1739497450.3961;2015122012;SF@CIN;1;1;2015-12-20;04:29
1739497450.3936;0.0024s;1739497450.3961;2015122006;KC@BAL;1;1;2015-12-20;05:06
1739497450.3936;0.0024s;1739497450.3961;2015122003;JAC@ATL;1;1;2015-12-20;10:02
1739497450.3936;0.0024s;1739497450.3961;2015122011;MIA@SD;1;1;2015-12-20;10:40
1739497450.3936;0.0024s;1739497450.3961;2015122009;GB@OAK;1;1;2015-12-20;12:59
1739497450.3936;0.0024s;1739497450.3961;2015122012;SF@CIN;1;1;2015-12-20;13:12
1739497450.3936;0.0024s;1739497450.3961;2015122005;TEN@NE;1;1;2015-12-20;13:45
1739497450.3936;0.0024s;1739497450.3961;2015122006;BAL@KC;7;1;2015-12-20;01:24
1739497450.3936;0.0024s;1739497450.3961;2015122005;TEN@NE;1;2;2015-12-20;01:28
1739497450.3936;0.0024s;1739497450.3961;2015122000;NYG@CAR;1;2;2015-12-20;01:34
1739497450.3936;0.0024s;1739497450.3961;2015122003;JAC@ATL;1;2;2015-12-20;02:56
1739497450.3936;0.0024s;1739497450.3961;2015122011;MIA@SD;1;2;2015-12-20;07:40
1739497450.3936;0.0024s;1739497450.3961;2015122004;HOU@IND;1;2;2015-12-20;08:39
1739497450.3936;0.0024s;1739497450.3961;2015122000;CAR@NYG;1;2;2015-12-20;09:10
1739497450.3936;0.0024s;1739497450.3961;2015122003;ATL@JAC;1;2;2015-12-20;11:10
1739497450.3936;0.0024s;1739497450.3961;2015122004;HOU@IND;1;2;2015-12-20;13:01
1739497450.3936;0.0024s;1739497450.3961;2015122012;CIN@SF;1;2;2015-12-20;13:29
1739497450.3936;0.0024s;1739497450.3961;2015122008;CLE@SEA;1;2;2015-12-20;14:02
1739497450.3936;0.0024s;1739497450.3961;2015122012;CIN@SF;1;3;2015-12-20;00:22
1739497450.3936;0.0024s;1739497450.3961;2015122004;IND@HOU;1;3;2015-12-20;00:44
1739497450.3936;0.0024s;1739497450.3961;2015122001;ARI@PHI;1;3;2015-12-20;05:00
1739497450.3936;0.0024s;1739497450.3961;2015122006;BAL@KC;1;3;2015-12-20;06:09
1739497450.3936;0.0024s;1739497450.3961;2015122004;IND@HOU;1;3;2015-12-20;07:21
1739497450.3936;0.0024s;1739497450.3961;2015122012;SF@CIN;1;3;2015-12-20;07:30
1739497450.3936;0.0024s;1739497450.3961;2015122000;NYG@CAR;1;3;2015-12-20;08:34
1739497450.3936;0.0024s;1739497450.3961;2015122004;IND@HOU;1;3;2015-12-20;11:41
1739497450.3936;0.0024s;1739497450.3961;2015122011;MIA@SD;1;3;2015-12-20;12:15
1739497450.3936;0.0024s;1739497450.3961;2015122010;DEN@PIT;1;3;2015-12-20;12:52
1739497450.3936;0.0024s;1739497450.3961;2015122009;OAK@GB;1;3;2015-12-20;13:23
1739497450.3936;0.0024s;1739497450.3961;2015122006;BAL@KC;1;3;2015-12-20;13:33
1739497450.3936;0.0024s;1739497450.3961;2015122005;NE@TEN;1;3;2015-12-20;14:14
1739497450.3936;0.0024s;1739497450.3961;2015122012;CIN@SF;1;4;2015-12-20;01:36
1739497450.3936;0.0024s;1739497450.3961;2015122006;KC@BAL;1;4;2015-12-20;01:50
1739497450.3936;0.0024s;1739497450.3961;2015122004;HOU@IND;1;4;2015-12-20;03:18
1739497450.3936;0.0024s;1739497450.3961;2015122012;CIN@SF;1;4;2015-12-20;06:21
1739497450.3936;0.0024s;1739497450.3961;2015122011;MIA@SD;1;4;2015-12-20;07:18
1739497450.3936;0.0024s;1739497450.3961;2015122001;ARI@PHI;1;4;2015-12-20;10:22
1739497450.3936;0.0024s;1739497450.3961;2015122012;CIN@SF;1;4;2015-12-20;12:05
1739497450.3936;0.0024s;1739497450.3961;2015122003;JAC@ATL;1;4;2015-12-20;13:35
1739497450.3936;0.0024s;1739497450.3961;2015122010;DEN@PIT;1;4;2015-12-20;15:00
1739497450.3936;0.0024s;1739497450.3961;2015122100;NO@DET;1;1;2015-12-21;13:38
1739497450.3936;0.0024s;1739497450.3961;2015122100;NO@DET;1;2;2015-12-21;11:15
1739497450.3936;0.0024s;1739497450.3961;2015122100;DET@NO;1;3;2015-12-21;01:33
1739497450.3936;0.0024s;1739497450.3961;2015122100;DET@NO;1;3;2015-12-21;07:42
1739497450.3936;0.0024s;1739497450.3961;2015122400;SD@OAK;1;1;2015-12-24;01:18
1739497450.3936;0.0024s;1739497450.3961;2015122400;SD@OAK;1;2;2015-12-24;04:42
1739497450.3936;0.0024s;1739497450.3961;2015122400;OAK@SD;1;3;2015-12-24;00:10
1739497450.3936;0.0024s;1739497450.3961;2015122600;PHI@WAS;1;1;2015-12-26;04:50
1739497450.3936;0.0024s;1739497450.3961;2015122600;PHI@WAS;1;3;2015-12-26;11:12
1739497450.3936;0.0024s;1739497450.3961;2015122600;WAS@PHI;1;3;2015-12-26;12:23
1739497450.3936;0.0024s;1739497450.3961;2015122702;NE@NYJ;1;1;2015-12-27;01:00
1739497450.3936;0.0024s;1739497450.3961;2015122706;MIN@NYG;1;1;2015-12-27;08:46
1739497450.3936;0.0024s;1739497450.3961;2015122703;TEN@HOU;1;1;2015-12-27;09:38
1739497450.3936;0.0024s;1739497450.3961;2015122711;SEA@STL;1;1;2015-12-27;11:02
1739497450.3936;0.0024s;1739497450.3961;2015122705;DET@SF;4;1;2015-12-27;02:02
1739497450.3936;0.0024s;1739497450.3961;2015122712;PIT@BAL;1;2;2015-12-27;00:38
1739497450.3936;0.0024s;1739497450.3961;2015122703;HOU@TEN;1;2;2015-12-27;01:18
1739497450.3936;0.0024s;1739497450.3961;2015122703;TEN@HOU;1;2;2015-12-27;01:43
1739497450.3936;0.0024s;1739497450.3961;2015122704;CLE@KC;1;2;2015-12-27;01:46
1739497450.3936;0.0024s;1739497450.3961;2015122708;TB@CHI;1;2;2015-12-27;02:00
1739497450.3936;0.0024s;1739497450.3961;2015122704;KC@CLE;1;2;2015-12-27;02:15
1739497450.3936;0.0024s;1739497450.3961;2015122703;TEN@HOU;1;2;2015-12-27;05:44
1739497450.3936;0.0024s;1739497450.3961;2015122711;SEA@STL;1;2;2015-12-27;07:01
1739497450.3936;0.0024s;1739497450.3961;2015122703;HOU@TEN;1;2;2015-12-27;07:16
1739497450.3936;0.0024s;1739497450.3961;2015122709;BUF@DAL;1;2;2015-12-27;08:31
1739497450.3936;0.0024s;1739497450.3961;2015122704;KC@CLE;1;2;2015-12-27;12:46
1739497450.3936;0.0024s;1739497450.3961;2015122704;CLE@KC;1;2;2015-12-27;15:00
1739497450.3936;0.0024s;1739497450.3961;2015122710;GB@ARI;7;2;2015-12-27;04:49
1739497450.3936;0.0024s;1739497450.3961;2015122706;NYG@MIN;1;3;2015-12-27;12:53
1739497450.3936;0.0024s;1739497450.3961;2015122712;BAL@PIT;1;3;2015-12-27;14:29
1739497450.3936;0.0024s;1739497450.3961;2015122711;STL@SEA;1;4;2015-12-27;01:15
1739497450.3936;0.0024s;1739497450.3961;2015122703;HOU@TEN;1;4;2015-12-27;03:51
1739497450.3936;0.0024s;1739497450.3961;2015122702;NYJ@NE;1;4;2015-12-27;06:37
1739497450.3936;0.0024s;1739497450.3961;2015122703;TEN@HOU;1;4;2015-12-27;08:43
1739497450.3936;0.0024s;1739497450.3961;2015122703;HOU@TEN;1;4;2015-12-27;10:02
1739497450.3936;0.0024s;1739497450.3961;2015122710;ARI@GB;1;4;2015-12-27;10:04
1739497450.3936;0.0024s;1739497450.3961;2015122702;NYJ@NE;1;4;2015-12-27;10:38
1739497450.3936;0.0024s;1739497450.3961;2015122709;BUF@DAL;1;4;2015-12-27;11:51
1739497450.3936;0.0024s;1739497450.3961;2015122701;MIA@IND;1;4;2015-12-27;14:23
1739497450.3936;0.0024s;1739497450.3961;2015122800;DEN@CIN;1;1;2015-12-28;03:52
1739497450.3936;0.0024s;1739497450.3961;2015122800;DEN@CIN;1;2;2015-12-28;08:14
1739497450.3936;0.0024s;1739497450.3961;2015122800;DEN@CIN;1;3;2015-12-28;01:56
1739497450.3936;0.0024s;1739497450.3961;2015122800;CIN@DEN;1;4;2015-12-28;12:03
1739497450.3936;0.0024s;1739497450.3961;2015122800;DEN@CIN;1;4;2015-12-28;13:45
1739497450.3936;0.0024s;1739497450.3961;2015122800;CIN@DEN;1;4;2015-12-28;15:00
1739497450.3936;0.0024s;1739497450.3961;2016010305;TEN@IND;1;1;2016-01-03;03:56
1739497450.3936;0.0024s;1739497450.3961;2016010307;DAL@WAS;1;1;2016-01-03;10:04
1739497450.3936;0.0024s;1739497450.3961;2016010305;TEN@IND;1;2;2016-01-03;01:51
1739497450.3936;0.0024s;1739497450.3961;2016010301;MIA@NE;1;2;2016-01-03;06:11
1739497450.3936;0.0024s;1739497450.3961;2016010307;DAL@WAS;1;2;2016-01-03;12:45
1739497450.3936;0.0024s;1739497450.3961;2016010307;DAL@WAS;2;2;2016-01-03;06:20
1739497450.3936;0.0024s;1739497450.3961;2016010301;NE@MIA;1;3;2016-01-03;05:41
1739497450.3936;0.0024s;1739497450.3961;2016010309;DET@CHI;1;3;2016-01-03;07:00
1739497450.3936;0.0024s;1739497450.3961;2016010308;PHI@NYG;1;3;2016-01-03;07:41
1739497450.3936;0.0024s;1739497450.3961;2016010301;NE@MIA;1;3;2016-01-03;10:54
1739497450.3936;0.0024s;1739497450.3961;2016010301;MIA@NE;1;3;2016-01-03;11:21
1739497450.3936;0.0024s;1739497450.3961;2016010300;BUF@NYJ;1;4;2016-01-03;00:55
1739497450.3936;0.0024s;1739497450.3961;2016010305;IND@TEN;1;4;2016-01-03;14:22
1739497450.3936;0.0024s;1739497450.3961;2016010300;BUF@NYJ;1;4;2016-01-03;15:00
1739497450.3936;0.0024s;1739497450.3961;2016010307;DAL@WAS;23;4;2016-01-03;12:20
1739497450.3936;0.0024s;1739497450.3961;2016010302;CIN@BAL;1;1;2016-01-03;00:22
1739497450.3936;0.0024s;1739497450.3961;2016010303;CLE@PIT;1;1;2016-01-03;03:38
1739497450.3936;0.0024s;1739497450.3961;2016010302;CIN@BAL;1;1;2016-01-03;04:52
1739497450.3936;0.0024s;1739497450.3961;2016010304;HOU@JAC;1;1;2016-01-03;12:25
1739497450.3936;0.0024s;1739497450.3961;2016010302;CIN@BAL;1;1;2016-01-03;12:33
1739497450.3936;0.0024s;1739497450.3961;2016010304;JAC@HOU;1;1;2016-01-03;13:48
1739497450.3936;0.0024s;1739497450.3961;2016010306;OAK@KC;1;2;2016-01-03;00:26
1739497450.3936;0.0024s;1739497450.3961;2016010304;HOU@JAC;1;2;2016-01-03;01:42
1739497450.3936;0.0024s;1739497450.3961;2016010304;JAC@HOU;1;2;2016-01-03;03:31
1739497450.3936;0.0024s;1739497450.3961;2016010306;OAK@KC;1;2;2016-01-03;06:40
1739497450.3936;0.0024s;1739497450.3961;2016010303;PIT@CLE;1;2;2016-01-03;07:29
1739497450.3936;0.0024s;1739497450.3961;2016010302;CIN@BAL;1;2;2016-01-03;09:30
1739497450.3936;0.0024s;1739497450.3961;2016010302;CIN@BAL;1;3;2016-01-03;00:42
1739497450.3936;0.0024s;1739497450.3961;2016010304;JAC@HOU;1;3;2016-01-03;02:58
1739497450.3936;0.0024s;1739497450.3961;2016010304;HOU@JAC;1;3;2016-01-03;12:24
1739497450.3936;0.0024s;1739497450.3961;2016010305;TEN@IND;1;4;2016-01-03;08:40
1739497450.3936;0.0024s;1739497450.3961;2016010313;SD@DEN;1;2;2016-01-03;01:10
1739497450.3936;0.0024s;1739497450.3961;2016010314;ARI@SEA;1;2;2016-01-03;01:54
1739497450.3936;0.0024s;1739497450.3961;2016010312;TB@CAR;1;2;2016-01-03;02:51
1739497450.3936;0.0024s;1739497450.3961;2016010314;ARI@SEA;1;2;2016-01-03;03:15
1739497450.3936;0.0024s;1739497450.3961;2016010313;SD@DEN;1;2;2016-01-03;07:14
1739497450.3936;0.0024s;1739497450.3961;2016010313;SD@DEN;1;2;2016-01-03;13:28
1739497450.3936;0.0024s;1739497450.3961;2016010312;TB@CAR;1;3;2016-01-03;12:06
1739497450.3936;0.0024s;1739497450.3961;2016010306;OAK@KC;1;3;2016-01-03;14:04
1739497450.3936;0.0024s;1739497450.3961;2016010315;SF@STL;1;1;2016-01-03;05:37
1739497450.3936;0.0024s;1739497450.3961;2016010315;STL@SF;0;2;2016-01-03;11:19
1739497450.3936;0.0024s;1739497450.3961;2016010314;SEA@ARI;1;4;2016-01-03;11:47
1739497450.3936;0.0024s;1739497450.3961;2016010315;SF@STL;1;5;2016-01-03;12:12
1739497450.3936;0.0024s;1739497450.3961;2016010310;GB@MIN;1;2;2016-01-03;06:41
1739497450.3936;0.0024s;1739497450.3961;2016010310;MIN@GB;1;4;2016-01-03;01:07
